{"accuracy": 0.771674114816088, "confusion_matrix": [[11224, 0], [3321, 0]], "classification_report": {"0": {"precision": 0.771674114816088, "recall": 1.0, "f1-score": 0.871124219022857, "support": 11224.0}, "1": {"precision": 0.0, "recall": 0.0, "f1-score": 0.0, "support": 3321.0}, "accuracy": 0.771674114816088, "macro avg": {"precision": 0.385837057408044, "recall": 0.5, "f1-score": 0.4355621095114285, "support": 14545.0}, "weighted avg": {"precision": 0.5954809394771929, "recall": 0.771674114816088, "f1-score": 0.6722240106093191, "support": 14545.0}}}